entry_time,exit_time,entry_price,exit_price,stop_price,direction,instrument,basket,exit_reason
2016-01-12,2016-01-14,12.6,12.347999999999999,12.347999999999999,long,GDX,commodities,stop
2016-01-15,2016-01-15,12.43,12.1814,12.1814,long,GDX,commodities,stop
2016-01-19,2016-01-19,12.07,11.8286,11.8286,long,GDX,commodities,stop
2016-01-20,2016-01-21,11.68,11.8,,long,GDX,commodities,signal
2016-02-09,2016-02-09,16.2,15.876,15.876,long,GDX,commodities,stop
2016-02-10,2016-02-10,15.28,15.66,,long,GDX,commodities,signal
2016-02-17,2016-02-18,16.03,17.27,,long,GDX,commodities,signal
2016-02-22,2016-02-25,16.28,17.72,,long,GDX,commodities,signal
2016-02-29,2016-02-29,17.33,17.71,,long,GDX,commodities,signal
2016-03-02,2016-03-10,17.11,18.62,,long,GDX,commodities,signal
2016-03-14,2016-03-14,18.41,18.0418,18.0418,long,GDX,commodities,stop
2016-03-15,2016-03-15,17.47,17.85,,long,GDX,commodities,signal
2016-03-18,2016-03-23,18.61,18.2378,18.2378,long,GDX,commodities,stop
2016-03-24,2016-03-29,17.59,18.77,,long,GDX,commodities,signal
2016-04-01,2016-04-01,17.78,18.39,,long,GDX,commodities,signal
2016-04-05,2016-04-05,18.33,18.4,,long,GDX,commodities,signal
2016-04-14,2016-04-14,20.24,19.835199999999997,19.835199999999997,long,GDX,commodities,stop
2016-04-21,2016-04-22,21.43,21.0014,21.0014,long,GDX,commodities,stop
2016-04-25,2016-04-26,20.77,21.01,,long,GDX,commodities,signal
2016-05-04,2016-05-04,22.12,21.6776,21.6776,long,GDX,commodities,stop
2016-05-05,2016-05-10,21.77,22.3,,long,GDX,commodities,signal
2016-05-13,2016-05-18,22.46,22.0108,22.0108,long,GDX,commodities,stop
2016-05-19,2016-05-19,21.01,21.9,,long,GDX,commodities,signal
2016-05-25,2016-05-25,20.43,21.05,,long,GDX,commodities,signal
2016-05-27,2016-05-27,20.78,20.3644,20.3644,long,GDX,commodities,stop
2016-05-31,2016-06-03,20.39,23.15,,long,GDX,commodities,signal
2016-06-08,2016-06-14,23.93,23.4514,23.4514,long,GDX,commodities,stop
2016-06-15,2016-06-22,23.16,23.3,,long,GDX,commodities,signal
2016-06-24,2016-06-24,25.29,24.7842,24.7842,long,GDX,commodities,stop
2016-06-29,2016-06-30,24.68,25.32,,long,GDX,commodities,signal
2016-07-13,2016-07-14,27.5,27.61,,long,GDX,commodities,signal
2016-07-20,2016-07-20,26.47,25.9406,25.9406,long,GDX,commodities,stop
2016-07-21,2016-07-25,25.87,25.3526,25.3526,long,GDX,commodities,stop
2016-08-12,2016-08-12,29.02,28.4396,28.4396,long,GDX,commodities,stop
2016-08-15,2016-08-17,28.42,27.8516,27.8516,long,GDX,commodities,stop
2016-08-22,2016-08-24,26.96,26.4208,26.4208,long,GDX,commodities,stop
2016-08-25,2016-08-30,24.64,24.1472,24.1472,long,GDX,commodities,stop
2016-08-31,2016-09-01,23.39,24.14,,long,GDX,commodities,signal
2016-09-09,2016-09-09,25.14,24.6372,24.6372,long,GDX,commodities,stop
2016-09-12,2016-09-21,23.71,25.5,,long,GDX,commodities,signal
2016-09-27,2016-09-28,24.23,24.6,,long,GDX,commodities,signal
2016-10-03,2016-10-04,24.08,23.598399999999998,23.598399999999998,long,GDX,commodities,stop
2016-10-05,2016-10-06,21.79,21.3542,21.3542,long,GDX,commodities,stop
2016-10-12,2016-10-18,20.75,22.12,,long,GDX,commodities,signal
2016-11-03,2016-11-07,22.65,22.197,22.197,long,GDX,commodities,stop
2016-11-11,2016-11-11,20.79,20.3742,20.3742,long,GDX,commodities,stop
2016-11-14,2016-11-15,18.74,20.11,,long,GDX,commodities,signal
2016-12-07,2016-12-09,19.72,19.325599999999998,19.325599999999998,long,GDX,commodities,stop
2016-12-12,2016-12-13,19.1,19.22,,long,GDX,commodities,signal
2016-12-15,2016-12-20,17.65,17.53,,long,GDX,commodities,signal
2016-12-23,2016-12-27,17.55,18.21,,long,GDX,commodities,signal
2017-01-03,2017-01-03,19.31,19.92,,long,GDX,commodities,signal
2017-01-10,2017-01-13,20.79,20.84,,long,GDX,commodities,signal
2017-01-31,2017-01-31,21.74,21.93,,long,GDX,commodities,signal
2017-02-10,2017-02-10,22.61,23.19,,long,GDX,commodities,signal
2017-02-21,2017-02-27,22.44,21.9912,21.9912,long,GDX,commodities,stop
2017-02-28,2017-03-02,21.3,20.874,20.874,long,GDX,commodities,stop
2017-03-03,2017-03-09,19.92,19.521600000000003,19.521600000000003,long,GDX,commodities,stop
2017-03-10,2017-03-15,19.54,21.06,,long,GDX,commodities,signal
2017-03-17,2017-04-03,20.95,21.26,,long,GDX,commodities,signal
2017-04-20,2017-04-25,21.52,21.0896,21.0896,long,GDX,commodities,stop
2017-04-28,2017-05-03,20.14,19.7372,19.7372,long,GDX,commodities,stop
2017-05-04,2017-05-08,19.41,19.75,,long,GDX,commodities,signal
2017-05-19,2017-05-24,21.05,21.06,,long,GDX,commodities,signal
2017-05-31,2017-06-06,20.79,21.83,,long,GDX,commodities,signal
2017-06-12,2017-06-14,20.85,20.433,20.433,long,GDX,commodities,stop
2017-06-15,2017-06-21,20.16,20.26,,long,GDX,commodities,signal
2017-06-28,2017-06-28,20.5,20.56,,long,GDX,commodities,signal
2017-07-05,2017-07-28,19.66,21.0,,long,GDX,commodities,signal
2017-08-03,2017-08-07,20.84,20.423199999999998,20.423199999999998,long,GDX,commodities,stop
2017-08-08,2017-08-10,20.53,21.15,,long,GDX,commodities,signal
2017-08-21,2017-08-21,21.1,21.36,,long,GDX,commodities,signal
2017-08-23,2017-08-28,21.27,22.23,,long,GDX,commodities,signal
2017-08-31,2017-08-31,22.21,22.67,,long,GDX,commodities,signal
2017-09-12,2017-09-18,22.4,21.951999999999998,21.951999999999998,long,GDX,commodities,stop
2017-09-27,2017-10-06,21.16,21.62,,long,GDX,commodities,signal
2017-10-11,2017-10-11,21.71,21.81,,long,GDX,commodities,signal
2017-10-25,2017-10-26,21.01,20.5898,20.5898,long,GDX,commodities,stop
2017-10-27,2017-12-06,20.51,20.099800000000002,20.099800000000002,long,GDX,commodities,stop
2017-12-12,2017-12-22,19.62,21.15,,long,GDX,commodities,signal
2018-01-18,2018-01-23,22.14,22.26,,long,GDX,commodities,signal
2018-01-26,2018-01-29,22.45,22.000999999999998,22.000999999999998,long,GDX,commodities,stop
2018-01-30,2018-01-31,21.99,21.94,,long,GDX,commodities,signal
2018-02-05,2018-02-06,21.25,20.825,20.825,long,GDX,commodities,stop
2018-02-07,2018-02-09,20.31,20.03,,long,GDX,commodities,signal
2018-02-21,2018-02-23,20.38,20.3,,long,GDX,commodities,signal
2018-02-28,2018-03-01,19.9,19.93,,long,GDX,commodities,signal
2018-03-05,2018-03-05,19.81,19.99,,long,GDX,commodities,signal
2018-03-08,2018-03-12,20.0,20.1,,long,GDX,commodities,signal
2018-03-16,2018-03-29,19.81,20.3,,long,GDX,commodities,signal
2018-04-05,2018-04-05,20.06,20.3,,long,GDX,commodities,signal
2018-04-13,2018-05-08,20.95,20.96,,long,GDX,commodities,signal
2018-05-10,2018-05-10,21.08,21.21,,long,GDX,commodities,signal
2018-05-14,2018-05-15,21.21,20.785800000000002,20.785800000000002,long,GDX,commodities,stop
2018-05-23,2018-05-24,20.33,20.92,,long,GDX,commodities,signal
2018-05-29,2018-06-11,20.43,20.83,,long,GDX,commodities,signal
2018-06-20,2018-07-10,20.43,20.88,,long,GDX,commodities,signal
2018-07-12,2018-07-18,20.44,20.19,,long,GDX,commodities,signal
2018-07-20,2018-07-23,20.12,19.7176,19.7176,long,GDX,commodities,stop
2018-07-24,2018-07-24,19.81,19.97,,long,GDX,commodities,signal
2018-07-27,2018-08-02,19.74,19.3452,19.3452,long,GDX,commodities,stop
2018-08-03,2018-08-10,19.45,19.061,19.061,long,GDX,commodities,stop
2018-08-13,2018-08-13,18.84,18.4632,18.4632,long,GDX,commodities,stop
2018-08-14,2018-08-15,18.49,18.120199999999997,18.120199999999997,long,GDX,commodities,stop
2018-08-16,2018-08-16,17.37,17.0226,17.0226,long,GDX,commodities,stop
2018-08-17,2018-08-22,16.99,17.61,,long,GDX,commodities,signal
2018-08-24,2018-08-27,17.28,17.81,,long,GDX,commodities,signal
2018-08-29,2018-08-31,17.55,17.199,17.199,long,GDX,commodities,stop
2018-09-04,2018-09-05,16.89,16.5522,16.5522,long,GDX,commodities,stop
2018-09-06,2018-09-11,16.58,16.248399999999997,16.248399999999997,long,GDX,commodities,stop
2018-09-17,2018-09-18,16.76,17.03,,long,GDX,commodities,signal
2018-09-25,2018-09-26,17.54,17.1892,17.1892,long,GDX,commodities,stop
2018-09-27,2018-10-02,16.83,17.6,,long,GDX,commodities,signal
2018-10-04,2018-10-08,17.47,17.28,,long,GDX,commodities,signal
2018-10-22,2018-10-25,18.38,18.0124,18.0124,long,GDX,commodities,stop
2018-10-26,2018-10-31,17.67,17.49,,long,GDX,commodities,signal
2018-11-08,2018-11-12,17.71,17.355800000000002,17.355800000000002,long,GDX,commodities,stop
2018-11-13,2018-11-15,17.27,17.63,,long,GDX,commodities,signal
2018-11-20,2018-11-27,18.02,17.659599999999998,17.659599999999998,long,GDX,commodities,stop
2018-11-30,2018-12-12,17.63,18.89,,long,GDX,commodities,signal
2018-12-17,2018-12-17,18.74,19.04,,long,GDX,commodities,signal
2018-12-20,2018-12-24,19.06,19.58,,long,GDX,commodities,signal
2018-12-27,2018-12-27,19.35,19.5,,long,GDX,commodities,signal
2018-12-31,2018-12-31,19.22,19.6,,long,GDX,commodities,signal
2019-01-08,2019-01-08,19.36,19.54,,long,GDX,commodities,signal
2019-01-11,2019-01-15,19.55,19.159,19.159,long,GDX,commodities,stop
2019-01-22,2019-01-25,18.9,19.66,,long,GDX,commodities,signal
2019-02-07,2019-02-14,20.62,20.56,,long,GDX,commodities,signal
2019-02-22,2019-02-27,21.47,21.040599999999998,21.040599999999998,long,GDX,commodities,stop
2019-03-04,2019-03-04,20.02,20.29,,long,GDX,commodities,signal
2019-03-07,2019-03-08,19.98,20.77,,long,GDX,commodities,signal
2019-03-15,2019-03-20,20.8,21.01,,long,GDX,commodities,signal
2019-03-28,2019-04-01,21.03,20.6094,20.6094,long,GDX,commodities,stop
2019-04-02,2019-04-04,20.41,20.89,,long,GDX,commodities,signal
2019-04-11,2019-04-16,20.74,20.3252,20.3252,long,GDX,commodities,stop
2019-04-17,2019-04-18,20.31,19.903799999999997,19.903799999999997,long,GDX,commodities,stop
2019-04-23,2019-05-02,19.31,18.9238,18.9238,long,GDX,commodities,stop
2019-05-03,2019-05-13,18.94,19.43,,long,GDX,commodities,signal
2019-05-16,2019-05-17,19.2,19.25,,long,GDX,commodities,signal
2019-05-21,2019-05-21,19.1,19.23,,long,GDX,commodities,signal
2019-05-23,2019-05-30,19.09,19.28,,long,GDX,commodities,signal
2019-07-02,2019-07-02,23.11,23.71,,long,GDX,commodities,signal
2019-07-17,2019-07-17,24.31,25.15,,long,GDX,commodities,signal
2019-07-26,2019-07-29,25.58,25.78,,long,GDX,commodities,signal
2019-08-01,2019-08-01,24.23,25.86,,long,GDX,commodities,signal
2019-08-08,2019-08-08,27.03,27.64,,long,GDX,commodities,signal
2019-08-12,2019-08-13,27.47,26.920599999999997,26.920599999999997,long,GDX,commodities,stop
2019-08-15,2019-08-20,26.28,26.79,,long,GDX,commodities,signal
2019-08-30,2019-09-04,27.42,28.74,,long,GDX,commodities,signal
2019-09-06,2019-09-06,27.42,26.8716,26.8716,long,GDX,commodities,stop
2019-09-09,2019-09-09,26.58,26.048399999999997,26.048399999999997,long,GDX,commodities,stop
2019-09-10,2019-09-13,25.72,25.205599999999997,25.205599999999997,long,GDX,commodities,stop
2019-09-16,2019-09-20,25.3,26.64,,long,GDX,commodities,signal
2019-09-26,2019-09-27,26.51,25.9798,25.9798,long,GDX,commodities,stop
2019-10-01,2019-10-04,24.72,25.88,,long,GDX,commodities,signal
2019-10-08,2019-10-08,26.07,26.33,,long,GDX,commodities,signal
2019-10-14,2019-10-15,25.11,24.607799999999997,24.607799999999997,long,GDX,commodities,stop
2019-10-16,2019-10-16,24.53,24.8,,long,GDX,commodities,signal
2019-10-22,2019-10-24,24.76,25.55,,long,GDX,commodities,signal
2019-10-29,2019-10-30,24.97,25.49,,long,GDX,commodities,signal
2019-11-05,2019-11-08,25.04,24.539199999999997,24.539199999999997,long,GDX,commodities,stop
2019-11-11,2019-11-12,24.39,24.69,,long,GDX,commodities,signal
2019-11-14,2019-11-18,24.95,25.25,,long,GDX,commodities,signal
2019-11-22,2019-11-25,24.99,24.490199999999998,24.490199999999998,long,GDX,commodities,stop
2019-11-26,2019-11-26,24.37,24.86,,long,GDX,commodities,signal
2019-12-09,2019-12-10,25.2,25.19,,long,GDX,commodities,signal
2019-12-17,2019-12-18,25.4,25.49,,long,GDX,commodities,signal
2019-12-23,2019-12-23,25.35,25.96,,long,GDX,commodities,signal
2020-01-02,2020-01-07,27.69,27.58,,long,GDX,commodities,signal
2020-01-09,2020-01-14,26.28,26.42,,long,GDX,commodities,signal
2020-01-24,2020-01-24,26.75,27.33,,long,GDX,commodities,signal
2020-01-28,2020-01-29,26.92,26.98,,long,GDX,commodities,signal
2020-02-10,2020-02-18,26.35,27.33,,long,GDX,commodities,signal
2020-02-26,2020-02-27,27.94,27.3812,27.3812,long,GDX,commodities,stop
2020-02-28,2020-02-28,25.05,24.549,24.549,long,GDX,commodities,stop
2020-03-12,2020-03-12,21.49,21.0602,21.0602,long,GDX,commodities,stop
2020-03-13,2020-03-13,21.77,21.3346,21.3346,long,GDX,commodities,stop
2020-03-17,2020-03-17,20.67,23.84,,long,GDX,commodities,signal
2020-03-23,2020-04-09,20.22,27.06,,long,GDX,commodities,signal
2020-04-24,2020-04-29,31.8,31.81,,long,GDX,commodities,signal
2020-05-01,2020-05-01,29.43,31.1,,long,GDX,commodities,signal
2020-05-07,2020-05-15,31.87,34.19,,long,GDX,commodities,signal
2020-05-19,2020-05-21,34.13,33.4474,33.4474,long,GDX,commodities,stop
2020-05-26,2020-05-26,33.07,32.4086,32.4086,long,GDX,commodities,stop
2020-05-27,2020-05-27,30.93,31.51,,long,GDX,commodities,signal
2020-06-03,2020-06-05,31.14,30.5172,30.5172,long,GDX,commodities,stop
2020-06-12,2020-06-12,31.28,30.6544,30.6544,long,GDX,commodities,stop
2020-06-15,2020-06-15,29.73,31.33,,long,GDX,commodities,signal
2020-06-17,2020-06-25,30.64,32.68,,long,GDX,commodities,signal
2020-07-06,2020-07-14,34.5,36.08,,long,GDX,commodities,signal
2020-08-11,2020-08-11,37.62,36.867599999999996,36.867599999999996,long,GDX,commodities,stop
2020-08-12,2020-08-12,37.71,36.9558,36.9558,long,GDX,commodities,stop
2020-08-13,2020-08-17,37.42,40.11,,long,GDX,commodities,signal
2020-08-20,2020-08-20,38.38,39.24,,long,GDX,commodities,signal
2020-08-25,2020-08-25,37.96,37.94,,long,GDX,commodities,signal
2020-09-11,2020-09-14,39.14,40.0,,long,GDX,commodities,signal
2020-09-16,2020-09-17,40.65,39.836999999999996,39.836999999999996,long,GDX,commodities,stop
2020-09-21,2020-09-23,37.59,36.8382,36.8382,long,GDX,commodities,stop
2020-09-24,2020-09-24,34.78,36.14,,long,GDX,commodities,signal
2020-10-07,2020-10-09,35.99,38.12,,long,GDX,commodities,signal
2020-10-19,2020-10-19,37.69,36.9362,36.9362,long,GDX,commodities,stop
2020-10-20,2020-10-26,36.73,35.9954,35.9954,long,GDX,commodities,stop
2020-10-27,2020-10-27,35.78,36.3,,long,GDX,commodities,signal
2020-10-29,2020-10-30,33.71,35.12,,long,GDX,commodities,signal
2020-11-05,2020-11-09,37.28,36.5344,36.5344,long,GDX,commodities,stop
2020-11-11,2020-11-18,34.65,33.957,33.957,long,GDX,commodities,stop
2020-11-19,2020-11-23,33.07,32.4086,32.4086,long,GDX,commodities,stop
2020-11-24,2020-11-27,31.2,32.0,,long,GDX,commodities,signal
2020-12-09,2020-12-11,33.59,32.918200000000006,32.918200000000006,long,GDX,commodities,stop
2020-12-14,2020-12-16,32.64,33.68,,long,GDX,commodities,signal
2020-12-21,2020-12-22,34.16,33.4768,33.4768,long,GDX,commodities,stop
2020-12-23,2020-12-30,33.39,34.36,,long,GDX,commodities,signal
2021-01-12,2021-01-12,33.73,33.87,,long,GDX,commodities,signal
2021-01-14,2021-01-15,33.56,32.8888,32.8888,long,GDX,commodities,stop
2021-01-19,2021-01-27,33.01,32.349799999999995,32.349799999999995,long,GDX,commodities,stop
2021-01-28,2021-02-04,32.53,31.8794,31.8794,long,GDX,commodities,stop
2021-02-12,2021-02-17,32.42,31.7716,31.7716,long,GDX,commodities,stop
2021-02-26,2021-02-26,30.04,29.4392,29.4392,long,GDX,commodities,stop
2021-03-01,2021-03-05,29.62,29.86,,long,GDX,commodities,signal
2021-03-19,2021-03-19,31.71,31.85,,long,GDX,commodities,signal
2021-03-23,2021-03-24,31.18,30.5564,30.5564,long,GDX,commodities,stop
2021-03-25,2021-03-26,30.35,30.79,,long,GDX,commodities,signal
2021-04-08,2021-04-09,32.46,32.64,,long,GDX,commodities,signal
2021-04-13,2021-04-21,32.32,34.61,,long,GDX,commodities,signal
2021-04-26,2021-04-27,33.94,33.261199999999995,33.261199999999995,long,GDX,commodities,stop
2021-04-28,2021-05-11,32.78,35.37,,long,GDX,commodities,signal
2021-05-13,2021-05-17,34.51,37.29,,long,GDX,commodities,signal
2021-06-09,2021-06-10,35.85,36.6,,long,GDX,commodities,signal
2021-06-14,2021-06-16,35.31,34.6038,34.6038,long,GDX,commodities,stop
2021-06-17,2021-06-18,33.44,32.7712,32.7712,long,GDX,commodities,stop
2021-06-21,2021-06-29,32.57,31.9186,31.9186,long,GDX,commodities,stop
2021-07-09,2021-07-21,31.76,31.59,,long,GDX,commodities,signal
2021-08-05,2021-08-06,32.67,32.016600000000004,32.016600000000004,long,GDX,commodities,stop
2021-08-10,2021-08-18,30.37,29.7626,29.7626,long,GDX,commodities,stop
2021-08-19,2021-08-27,29.54,30.64,,long,GDX,commodities,signal
2021-08-31,2021-08-31,30.32,30.63,,long,GDX,commodities,signal
2021-09-02,2021-09-02,30.46,30.54,,long,GDX,commodities,signal
2021-09-08,2021-09-10,30.37,29.7626,29.7626,long,GDX,commodities,stop
2021-09-13,2021-09-16,29.77,29.174599999999998,29.174599999999998,long,GDX,commodities,stop
2021-09-22,2021-09-23,28.85,28.273,28.273,long,GDX,commodities,stop
2021-09-24,2021-09-29,27.88,27.3224,27.3224,long,GDX,commodities,stop
2021-09-30,2021-10-05,27.51,27.98,,long,GDX,commodities,signal
2021-10-11,2021-10-14,28.86,30.87,,long,GDX,commodities,signal
2021-10-25,2021-10-28,31.42,30.791600000000003,30.791600000000003,long,GDX,commodities,stop
2021-10-29,2021-11-03,30.13,29.94,,long,GDX,commodities,signal
2021-11-05,2021-11-05,30.17,30.78,,long,GDX,commodities,signal
2021-11-17,2021-11-19,32.6,31.948,31.948,long,GDX,commodities,stop
2021-11-22,2021-11-26,31.03,30.4094,30.4094,long,GDX,commodities,stop
2021-12-01,2021-12-01,30.26,29.6548,29.6548,long,GDX,commodities,stop
2021-12-02,2021-12-03,29.02,28.84,,long,GDX,commodities,signal
2021-12-10,2021-12-14,29.07,28.488599999999998,28.488599999999998,long,GDX,commodities,stop
2021-12-15,2021-12-16,28.19,29.31,,long,GDX,commodities,signal
2021-12-20,2021-12-20,29.22,29.25,,long,GDX,commodities,signal
2021-12-29,2021-12-30,29.49,30.39,,long,GDX,commodities,signal
2022-01-04,2022-01-06,30.06,29.458799999999997,29.458799999999997,long,GDX,commodities,stop
2022-01-07,2022-01-10,28.64,29.17,,long,GDX,commodities,signal
2022-01-14,2022-01-18,29.93,29.3314,29.3314,long,GDX,commodities,stop
2022-01-19,2022-01-19,29.66,31.35,,long,GDX,commodities,signal
2022-01-21,2022-01-21,31.15,30.526999999999997,30.526999999999997,long,GDX,commodities,stop
2022-01-24,2022-01-24,30.2,30.07,,long,GDX,commodities,signal
2022-01-27,2022-01-28,28.56,28.02,,long,GDX,commodities,signal
2022-02-10,2022-02-10,30.04,29.4392,29.4392,long,GDX,commodities,stop
2022-02-11,2022-02-14,29.42,31.64,,long,GDX,commodities,signal
2022-02-23,2022-02-25,32.57,32.88,,long,GDX,commodities,signal
2022-03-25,2022-03-25,36.61,37.02,,long,GDX,commodities,signal
2022-03-29,2022-03-29,35.28,36.54,,long,GDX,commodities,signal
2022-04-01,2022-04-01,36.45,37.76,,long,GDX,commodities,signal
2022-04-06,2022-04-08,36.57,37.93,,long,GDX,commodities,signal
2022-04-19,2022-04-20,38.47,38.37,,long,GDX,commodities,signal
2022-04-22,2022-04-25,35.43,34.721399999999996,34.721399999999996,long,GDX,commodities,stop
2022-04-27,2022-04-28,33.42,33.86,,long,GDX,commodities,signal
2022-05-02,2022-05-02,32.59,33.03,,long,GDX,commodities,signal
2022-05-06,2022-05-09,32.97,32.3106,32.3106,long,GDX,commodities,stop
2022-05-10,2022-05-10,31.24,30.615199999999998,30.615199999999998,long,GDX,commodities,stop
2022-05-11,2022-05-12,30.8,30.184,30.184,long,GDX,commodities,stop
2022-05-19,2022-05-25,29.87,31.16,,long,GDX,commodities,signal
2022-06-01,2022-06-02,30.62,31.89,,long,GDX,commodities,signal
2022-06-06,2022-06-09,31.4,30.772,30.772,long,GDX,commodities,stop
2022-06-10,2022-06-10,29.3,31.14,,long,GDX,commodities,signal
2022-06-14,2022-06-14,29.24,28.655199999999997,28.655199999999997,long,GDX,commodities,stop
2022-06-23,2022-06-23,28.63,28.057399999999998,28.057399999999998,long,GDX,commodities,stop
2022-06-24,2022-06-24,27.76,28.36,,long,GDX,commodities,signal
2022-06-29,2022-06-29,27.88,27.3224,27.3224,long,GDX,commodities,stop
2022-06-30,2022-06-30,26.99,26.4502,26.4502,long,GDX,commodities,stop
2022-07-01,2022-07-01,25.78,26.93,,long,GDX,commodities,signal
2022-07-12,2022-07-14,25.49,24.980199999999996,24.980199999999996,long,GDX,commodities,stop
2022-07-19,2022-07-20,24.78,24.2844,24.2844,long,GDX,commodities,stop
2022-07-21,2022-07-25,24.26,23.774800000000003,23.774800000000003,long,GDX,commodities,stop
2022-07-26,2022-07-26,23.58,24.0,,long,GDX,commodities,signal
2022-08-03,2022-08-03,24.93,24.4314,24.4314,long,GDX,commodities,stop
2022-08-12,2022-08-12,25.67,26.03,,long,GDX,commodities,signal
2022-08-18,2022-08-19,24.72,24.2256,24.2256,long,GDX,commodities,stop
2022-08-22,2022-08-24,23.87,24.77,,long,GDX,commodities,signal
2022-08-29,2022-08-30,23.7,23.226,23.226,long,GDX,commodities,stop
2022-08-31,2022-09-01,22.97,22.5106,22.5106,long,GDX,commodities,stop
2022-09-02,2022-09-09,22.52,24.0,,long,GDX,commodities,signal
2022-09-14,2022-09-15,23.49,23.0202,23.0202,long,GDX,commodities,stop
2022-09-16,2022-09-19,22.34,23.35,,long,GDX,commodities,signal
2022-09-28,2022-09-28,21.51,22.55,,long,GDX,commodities,signal
2022-10-10,2022-10-13,22.93,22.7,,long,GDX,commodities,signal
2022-10-17,2022-10-19,22.38,21.932399999999998,21.932399999999998,long,GDX,commodities,stop
2022-10-28,2022-10-28,23.43,23.64,,long,GDX,commodities,signal
2022-11-01,2022-11-02,23.75,23.275,23.275,long,GDX,commodities,stop
2022-11-03,2022-11-04,21.97,23.86,,long,GDX,commodities,signal
2022-11-10,2022-11-10,26.56,26.97,,long,GDX,commodities,signal
2022-11-17,2022-11-18,25.87,26.17,,long,GDX,commodities,signal
2022-11-29,2022-12-02,26.5,28.61,,long,GDX,commodities,signal
2022-12-06,2022-12-12,27.92,27.67,,long,GDX,commodities,signal
2022-12-16,2022-12-22,27.09,27.97,,long,GDX,commodities,signal
2022-12-29,2023-01-05,28.23,29.81,,long,GDX,commodities,signal
2023-01-10,2023-01-10,30.52,30.97,,long,GDX,commodities,signal
2023-01-18,2023-01-18,31.18,30.5564,30.5564,long,GDX,commodities,stop
2023-01-19,2023-01-20,30.6,31.53,,long,GDX,commodities,signal
2023-01-31,2023-01-31,30.86,31.14,,long,GDX,commodities,signal
2023-02-03,2023-02-06,30.0,29.4,29.4,long,GDX,commodities,stop
2023-02-09,2023-02-09,29.86,29.2628,29.2628,long,GDX,commodities,stop
2023-02-10,2023-02-15,28.99,28.4102,28.4102,long,GDX,commodities,stop
2023-03-08,2023-03-27,26.18,30.66,,long,GDX,commodities,signal
2023-04-19,2023-04-27,33.0,32.92,,long,GDX,commodities,signal
2023-05-02,2023-05-02,32.5,33.79,,long,GDX,commodities,signal
2023-05-12,2023-05-17,32.58,31.928399999999996,31.928399999999996,long,GDX,commodities,stop
2023-05-23,2023-05-24,30.83,30.213399999999996,30.213399999999996,long,GDX,commodities,stop
2023-05-25,2023-06-12,29.81,30.38,,long,GDX,commodities,signal
2023-06-14,2023-06-15,30.4,30.15,,long,GDX,commodities,signal
2023-06-21,2023-06-28,29.18,28.5964,28.5964,long,GDX,commodities,stop
2023-06-29,2023-06-29,28.11,28.81,,long,GDX,commodities,signal
2023-07-06,2023-07-10,28.83,29.22,,long,GDX,commodities,signal
2023-07-17,2023-07-21,30.84,30.63,,long,GDX,commodities,signal
2023-07-28,2023-08-02,29.88,29.2824,29.2824,long,GDX,commodities,stop
2023-08-03,2023-08-11,28.56,28.65,,long,GDX,commodities,signal
2023-08-16,2023-08-17,27.43,26.8814,26.8814,long,GDX,commodities,stop
2023-08-31,2023-09-05,28.71,28.1358,28.1358,long,GDX,commodities,stop
2023-09-06,2023-09-26,27.55,26.999,26.999,long,GDX,commodities,stop
2023-09-27,2023-09-27,26.81,26.273799999999998,26.273799999999998,long,GDX,commodities,stop
2023-10-03,2023-10-05,25.2,25.6,,long,GDX,commodities,signal
2023-10-13,2023-10-17,27.9,28.72,,long,GDX,commodities,signal
2023-10-19,2023-10-19,28.64,28.7,,long,GDX,commodities,signal
2023-10-23,2023-10-26,28.46,27.8908,27.8908,long,GDX,commodities,stop
2023-10-31,2023-10-31,27.84,27.2832,27.2832,long,GDX,commodities,stop
2023-11-01,2023-11-10,27.33,26.783399999999997,26.783399999999997,long,GDX,commodities,stop
2023-11-14,2023-11-20,26.99,27.73,,long,GDX,commodities,signal
2023-12-07,2023-12-08,29.78,29.1844,29.1844,long,GDX,commodities,stop
2023-12-13,2023-12-13,28.08,29.86,,long,GDX,commodities,signal
2023-12-18,2024-01-03,30.36,29.7528,29.7528,long,GDX,commodities,stop
2024-01-10,2024-01-16,28.8,28.224,28.224,long,GDX,commodities,stop
2024-01-17,2024-01-23,27.63,27.9,,long,GDX,commodities,signal
2024-01-25,2024-01-29,27.81,28.03,,long,GDX,commodities,signal
2024-02-01,2024-02-01,27.96,28.69,,long,GDX,commodities,signal
2024-02-08,2024-02-13,26.98,26.4404,26.4404,long,GDX,commodities,stop
2024-02-14,2024-02-23,25.67,26.35,,long,GDX,commodities,signal
2024-02-28,2024-03-01,25.62,27.01,,long,GDX,commodities,signal
2024-03-06,2024-03-12,28.71,29.24,,long,GDX,commodities,signal
2024-03-20,2024-03-27,28.63,30.6,,long,GDX,commodities,signal
2024-04-05,2024-04-05,32.62,33.45,,long,GDX,commodities,signal
2024-04-15,2024-04-16,33.67,32.9966,32.9966,long,GDX,commodities,stop
2024-04-23,2024-04-23,31.94,32.67,,long,GDX,commodities,signal
2024-05-01,2024-05-09,33.01,34.95,,long,GDX,commodities,signal
2024-05-13,2024-05-14,34.7,34.99,,long,GDX,commodities,signal
2024-05-23,2024-06-04,34.99,34.2902,34.2902,long,GDX,commodities,stop
2024-06-05,2024-06-05,34.03,34.39,,long,GDX,commodities,signal
2024-06-10,2024-06-10,33.32,33.64,,long,GDX,commodities,signal
2024-06-13,2024-06-13,33.44,32.7712,32.7712,long,GDX,commodities,stop
2024-06-14,2024-06-26,33.14,33.43,,long,GDX,commodities,signal
2024-06-28,2024-07-08,34.1,35.68,,long,GDX,commodities,signal
2024-07-18,2024-07-18,38.24,37.4752,37.4752,long,GDX,commodities,stop
2024-07-19,2024-07-29,36.43,36.22,,long,GDX,commodities,signal
2024-08-05,2024-08-05,33.9,34.93,,long,GDX,commodities,signal
2024-08-08,2024-08-09,34.78,35.43,,long,GDX,commodities,signal
2024-09-06,2024-09-06,36.74,36.0052,36.0052,long,GDX,commodities,stop
2024-09-09,2024-09-10,36.19,36.79,,long,GDX,commodities,signal
2024-09-18,2024-09-24,39.3,40.93,,long,GDX,commodities,signal
2024-09-30,2024-10-07,39.64,38.8472,38.8472,long,GDX,commodities,stop
2024-10-14,2024-10-15,39.47,40.21,,long,GDX,commodities,signal
2024-10-17,2024-10-18,40.88,42.65,,long,GDX,commodities,signal
2024-10-22,2024-10-24,43.02,42.159600000000005,42.159600000000005,long,GDX,commodities,stop
2024-10-28,2024-10-31,40.85,40.033,40.033,long,GDX,commodities,stop
2024-11-04,2024-11-06,39.8,39.004,39.004,long,GDX,commodities,stop
2024-11-14,2024-11-19,34.9,37.44,,long,GDX,commodities,signal
2024-11-29,2024-12-02,37.28,36.5344,36.5344,long,GDX,commodities,stop
2024-12-03,2024-12-11,36.67,38.64,,long,GDX,commodities,signal
2024-12-13,2024-12-16,36.81,36.0738,36.0738,long,GDX,commodities,stop
2024-12-17,2024-12-18,35.57,34.8586,34.8586,long,GDX,commodities,stop
2024-12-19,2024-12-23,34.32,34.41,,long,GDX,commodities,signal
2025-01-06,2025-01-08,35.0,35.9,,long,GDX,commodities,signal
2025-01-13,2025-01-14,35.63,36.32,,long,GDX,commodities,signal
2025-01-17,2025-01-23,36.33,37.5,,long,GDX,commodities,signal
2025-02-03,2025-02-06,39.218,41.13,,long,GDX,commodities,signal
2025-02-10,2025-02-13,41.95,42.51,,long,GDX,commodities,signal
2025-02-18,2025-02-21,41.64,40.8072,40.8072,long,GDX,commodities,stop
2025-02-24,2025-02-27,41.17,40.3466,40.3466,long,GDX,commodities,stop
2025-02-28,2025-02-28,38.86,39.72,,long,GDX,commodities,signal
2025-03-04,2025-03-05,40.45,41.7,,long,GDX,commodities,signal
2025-03-11,2025-03-17,40.895,44.57,,long,GDX,commodities,signal
2025-03-19,2025-03-19,44.87,45.23,,long,GDX,commodities,signal
2025-03-25,2025-03-27,44.87,45.76,,long,GDX,commodities,signal
2025-03-31,2025-03-31,46.0,45.97,,long,GDX,commodities,signal
2025-04-07,2025-04-09,40.71,44.99,,long,GDX,commodities,signal
2025-04-23,2025-04-24,47.93,49.76,,long,GDX,commodities,signal
2025-04-30,2025-04-30,48.0,49.01,,long,GDX,commodities,signal
2025-05-09,2025-05-09,49.615,50.37,,long,GDX,commodities,signal
2025-05-13,2025-05-14,46.72,45.785599999999995,45.785599999999995,long,GDX,commodities,stop
2025-06-06,2025-06-06,53.09,52.028200000000005,52.028200000000005,long,GDX,commodities,stop
2025-06-09,2025-06-11,51.67,51.94,,long,GDX,commodities,signal
2025-06-17,2025-06-20,53.79,52.7142,52.7142,long,GDX,commodities,stop
2025-06-23,2025-06-26,52.52,52.62,,long,GDX,commodities,signal
2025-07-02,2025-07-02,52.33,52.66,,long,GDX,commodities,signal
